Alpha,CL,CD,CDp,Cm,Top_Xtr,Bot_Xtr,Cpmin,Chinge,XCp,Extra1,Extra2,L_D,Reynolds
-4.0,-0.1896,0.00947,0.00343,-0.0586,0.9316,0.1512,-1.616,0.0,0.0,0.0,-0.0697,-20.021119324181626,500000
-3.5,-0.1345,0.00896,0.00304,-0.0583,0.9158,0.1967,-1.3922,0.0,0.0,0.0,-0.1955,-15.011160714285717,500000
-3.0,-0.0806,0.00845,0.00271,-0.0576,0.8965,0.2536,-1.1809,0.0,0.0,0.0,-0.4808,-9.53846153846154,500000
-2.5,-0.0271,0.00801,0.00244,-0.0569,0.875,0.3206,-0.99,0.0,0.0,0.0,-1.8904,-3.383270911360799,500000
-2.0,0.0258,0.00756,0.00221,-0.056,0.85,0.4043,-0.8263,0.0,0.0,0.0,2.4564,3.4126984126984126,500000
-1.5,0.0775,0.00706,0.00206,-0.055,0.8231,0.5283,-0.6794,0.0,0.0,0.0,0.9665,10.977337110481585,500000
-1.0,0.1288,0.00668,0.00198,-0.0538,0.7939,0.6506,-0.5513,0.0,0.0,0.0,0.6691,19.281437125748504,500000
-0.5,0.1794,0.0064,0.00198,-0.0521,0.7625,0.7582,-0.5208,0.0,0.0,0.0,0.5402,28.03125,500000
0.0,0.2293,0.00629,0.00203,-0.05,0.7295,0.8523,-0.5629,0.0,0.0,0.0,0.467,36.454689984101755,500000
0.5,0.2809,0.00638,0.00212,-0.0482,0.6953,0.9236,-0.6092,0.0,0.0,0.0,0.4195,44.0282131661442,500000
1.0,0.3441,0.00663,0.00221,-0.0491,0.6599,0.9645,-0.6664,0.0,0.0,0.0,0.3901,51.90045248868779,500000
1.5,0.4214,0.00693,0.00232,-0.0535,0.6235,0.984,-0.7396,0.0,0.0,0.0,0.3739,60.8080808080808,500000
2.0,0.5035,0.00718,0.00243,-0.0591,0.5877,0.9964,-0.8294,0.0,0.0,0.0,0.364,70.12534818941504,500000
2.5,0.5639,0.00741,0.0025,-0.0603,0.5549,1.0,-0.9244,0.0,0.0,0.0,0.3531,76.09986504723346,500000
3.0,0.6117,0.00764,0.00261,-0.0587,0.5247,1.0,-1.0339,0.0,0.0,0.0,0.3417,80.06544502617801,500000
3.5,0.6595,0.00792,0.00276,-0.0571,0.4946,1.0,-1.1675,0.0,0.0,0.0,0.3318,83.27020202020202,500000
4.0,0.7074,0.00823,0.00298,-0.0555,0.4637,1.0,-1.3266,0.0,0.0,0.0,0.3232,85.95382746051034,500000
4.5,0.755,0.00858,0.00321,-0.0538,0.431,1.0,-1.5087,0.0,0.0,0.0,0.3156,87.99533799533799,500000
5.0,0.8024,0.00901,0.00349,-0.0521,0.3942,1.0,-1.7096,0.0,0.0,0.0,0.3088,89.0566037735849,500000
5.5,0.8503,0.00949,0.00382,-0.0506,0.3502,1.0,-1.9279,0.0,0.0,0.0,0.3029,89.59957850368808,500000
6.0,0.897,0.01013,0.00429,-0.049,0.2998,1.0,-2.1817,0.0,0.0,0.0,0.2975,88.54886475814413,500000
6.5,0.9417,0.01101,0.00486,-0.0472,0.2395,1.0,-2.4365,0.0,0.0,0.0,0.2924,85.53133514986375,500000
7.0,0.9859,0.01199,0.00557,-0.0454,0.1824,1.0,-2.6976,0.0,0.0,0.0,0.2878,82.22685571309424,500000
7.5,1.0283,0.01313,0.00644,-0.0434,0.1295,1.0,-2.9831,0.0,0.0,0.0,0.2834,78.31683168316832,500000
8.0,1.0703,0.01428,0.00738,-0.0414,0.0927,1.0,-3.3029,0.0,0.0,0.0,0.2793,74.95098039215686,500000
8.5,1.112,0.01541,0.00841,-0.0393,0.0704,1.0,-3.628,0.0,0.0,0.0,0.2753,72.16093445814407,500000
9.0,1.1523,0.01657,0.00954,-0.037,0.0568,1.0,-3.9556,0.0,0.0,0.0,0.2714,69.54133977066988,500000
9.5,1.189,0.01791,0.01089,-0.0342,0.0466,1.0,-4.2743,0.0,0.0,0.0,0.2674,66.38749302065885,500000
10.0,1.2277,0.01896,0.01201,-0.0318,0.041,1.0,-4.6164,0.0,0.0,0.0,0.2639,64.75210970464134,500000
10.5,1.2509,0.02074,0.01388,-0.027,0.0359,1.0,-4.8876,0.0,0.0,0.0,0.2589,60.31340405014464,500000
11.0,1.2813,0.02202,0.01528,-0.0236,0.0331,1.0,-5.2048,0.0,0.0,0.0,0.2549,58.188010899182565,500000
11.5,1.3058,0.02373,0.01709,-0.0198,0.0302,1.0,-5.5018,0.0,0.0,0.0,0.2509,55.02739148756848,500000
12.0,1.3096,0.02706,0.0206,-0.0144,0.0273,1.0,-5.7224,0.0,0.0,0.0,0.2459,48.39615668883962,500000
12.5,1.327,0.02968,0.0234,-0.0113,0.0263,1.0,-6.0395,0.0,0.0,0.0,0.2425,44.71024258760107,500000
13.0,1.3455,0.03237,0.02629,-0.0089,0.0251,1.0,-6.3716,0.0,0.0,0.0,0.2397,41.56626506024096,500000
13.5,1.3617,0.0355,0.02959,-0.0071,0.0236,1.0,-6.6982,0.0,0.0,0.0,0.2374,38.35774647887324,500000
14.0,1.3744,0.03913,0.03337,-0.0058,0.022,1.0,-7.0141,0.0,0.0,0.0,0.2355,35.12394582162025,500000
-4.0,-0.1968,0.0077,0.00224,-0.0554,0.8835,0.1139,-1.6376,0.0,0.0,0.0,-0.0414,-25.558441558441558,1000000
-3.5,-0.1421,0.00736,0.00197,-0.055,0.8621,0.1482,-1.412,0.0,0.0,0.0,-0.1485,-19.307065217391305,1000000
-0.0547,0.8374,0.1871,-1.1971,0.0,0.0,0.0,-0.3906,,,,,4.475681453768039,1000000
-2.5,-0.0326,0.00679,0.00156,-0.0543,0.8112,0.2376,-0.9999,0.0,0.0,0.0,-1.4485,-4.801178203240059,1000000
-2.0,0.0222,0.00656,0.00142,-0.054,0.7818,0.294,-0.8325,0.0,0.0,0.0,2.7197,3.3841463414634148,1000000
-1.5,0.0767,0.00633,0.0013,-0.0536,0.7506,0.3622,-0.6806,0.0,0.0,0.0,0.9559,12.116903633491312,1000000
-1.0,0.1305,0.00606,0.00122,-0.0532,0.7178,0.4592,-0.5494,0.0,0.0,0.0,0.6595,21.534653465346533,1000000
-0.5,0.1838,0.0058,0.0012,-0.0526,0.6834,0.5752,-0.5235,0.0,0.0,0.0,0.5363,31.689655172413794,1000000
0.0,0.2373,0.00562,0.00122,-0.052,0.6504,0.6782,-0.5673,0.0,0.0,0.0,0.468,42.22419928825623,1000000
0.5,0.2902,0.0055,0.00128,-0.0512,0.6174,0.772,-0.6143,0.0,0.0,0.0,0.4243,52.76363636363637,1000000
1.0,0.3418,0.00544,0.00139,-0.0499,0.5852,0.8587,-0.665,0.0,0.0,0.0,0.3933,62.830882352941174,1000000
1.5,0.393,0.00553,0.00152,-0.0484,0.5545,0.9262,-0.7213,0.0,0.0,0.0,0.3699,71.06690777576854,1000000
2.0,0.4506,0.00574,0.00167,-0.0484,0.5245,0.9662,-0.79,0.0,0.0,0.0,0.3537,78.50174216027874,1000000
2.5,0.5189,0.006,0.00181,-0.051,0.4945,0.985,-0.8829,0.0,0.0,0.0,0.3442,86.48333333333333,1000000
3.0,0.5922,0.00629,0.00196,-0.0548,0.4631,0.9941,-1.0123,0.0,0.0,0.0,0.3381,94.14944356120826,1000000
3.5,0.6674,0.00662,0.00213,-0.0592,0.4284,1.0,-1.1803,0.0,0.0,0.0,0.3339,100.81570996978851,1000000
4.0,0.7151,0.00692,0.0023,-0.0575,0.3948,1.0,-1.3421,0.0,0.0,0.0,0.3252,103.33815028901734,1000000
4.5,0.7631,0.00724,0.0025,-0.0559,0.3589,1.0,-1.5288,0.0,0.0,0.0,0.3176,105.40055248618785,1000000
5.0,0.8097,0.00773,0.00277,-0.0542,0.3126,1.0,-1.7292,0.0,0.0,0.0,0.3108,104.7477360931436,1000000
5.5,0.8559,0.00833,0.00315,-0.0524,0.2618,1.0,-1.951,0.0,0.0,0.0,0.3046,102.74909963985593,1000000
6.0,0.9022,0.00902,0.00359,-0.0507,0.2101,1.0,-2.2035,0.0,0.0,0.0,0.2991,100.02217294900221,1000000
7.0,0.9942,0.01069,0.00475,-0.0475,0.1152,1.0,-2.7314,0.0,0.0,0.0,0.2896,93.00280636108512,1000000
7.5,1.0408,0.01151,0.00542,-0.0461,0.0853,1.0,-3.0424,0.0,0.0,0.0,0.2855,90.4257167680278,1000000
8.0,1.0875,0.0123,0.00609,-0.0447,0.0655,1.0,-3.3844,0.0,0.0,0.0,0.2817,88.41463414634146,1000000
8.5,1.1334,0.01313,0.00683,-0.0432,0.0505,1.0,-3.735,0.0,0.0,0.0,0.2781,86.32140137090633,1000000
9.0,1.1795,0.01389,0.00757,-0.0418,0.0418,1.0,-4.0984,0.0,0.0,0.0,0.2747,84.91720662347012,1000000
9.5,1.224,0.01474,0.00845,-0.0401,0.0351,1.0,-4.4621,0.0,0.0,0.0,0.2714,83.03934871099051,1000000
10.0,1.267,0.01563,0.00933,-0.0383,0.0305,1.0,-4.8356,0.0,0.0,0.0,0.2681,81.06206014075494,1000000
10.5,1.3063,0.01672,0.01049,-0.0359,0.0265,1.0,-5.1941,0.0,0.0,0.0,0.2647,78.12799043062202,1000000
11.0,1.347,0.01758,0.01142,-0.0337,0.0245,1.0,-5.5791,0.0,0.0,0.0,0.2615,76.62116040955632,1000000
11.5,1.3794,0.0187,0.01258,-0.0303,0.022,1.0,-5.958,0.0,0.0,0.0,0.2577,73.76470588235293,1000000
12.0,1.3959,0.02071,0.01476,-0.0248,0.0189,1.0,-6.2818,0.0,0.0,0.0,0.2527,67.40222114920329,1000000
12.5,1.4277,0.02187,0.016,-0.022,0.0185,1.0,-6.723,0.0,0.0,0.0,0.2494,65.28120713305898,1000000
13.0,1.4559,0.02333,0.01756,-0.019,0.0178,1.0,-7.152,0.0,0.0,0.0,0.2463,62.40462923274753,1000000
13.5,1.4801,0.02514,0.0195,-0.0161,0.0168,1.0,-7.566,0.0,0.0,0.0,0.2431,58.87430389817025,1000000
14.0,1.5006,0.02739,0.02185,-0.0133,0.0157,1.0,-7.9628,0.0,0.0,0.0,0.2402,54.78641840087623,1000000
-4.0,-0.2075,0.00637,0.00146,-0.0526,0.7771,0.0731,-1.6661,0.0,0.0,0.0,-0.0127,-32.574568288854,3000000
-3.5,-0.1514,0.0062,0.00128,-0.0525,0.7462,0.0929,-1.435,0.0,0.0,0.0,-0.1075,-24.41935483870968,3000000
-3.0,-0.0952,0.00605,0.00113,-0.0525,0.7148,0.1163,-1.2155,0.0,0.0,0.0,-0.3149,-15.735537190082646,3000000
-2.5,-0.039,0.00591,0.00101,-0.0525,0.6827,0.1479,-1.0111,0.0,0.0,0.0,-1.122,-6.598984771573604,3000000
-2.0,0.0174,0.00579,0.00092,-0.0525,0.6513,0.1837,-0.8405,0.0,0.0,0.0,3.3206,3.0051813471502586,3000000
-1.5,0.0738,0.00569,0.00085,-0.0526,0.6197,0.2212,-0.6841,0.0,0.0,0.0,0.9694,12.970123022847101,3000000
-1.0,0.1301,0.0056,0.0008,-0.0527,0.5881,0.2704,-0.5492,0.0,0.0,0.0,0.6564,23.232142857142858,3000000
-0.5,0.1863,0.0055,0.00079,-0.0527,0.5573,0.3267,-0.5248,0.0,0.0,0.0,0.5327,33.872727272727275,3000000
0.0,0.2425,0.00541,0.00078,-0.0528,0.5281,0.3914,-0.5699,0.0,0.0,0.0,0.4663,44.82439926062847,3000000
0.5,0.2983,0.00525,0.00081,-0.0528,0.5008,0.4874,-0.6185,0.0,0.0,0.0,0.4249,56.819047619047616,3000000
1.0,0.3541,0.00514,0.00086,-0.0528,0.4749,0.5791,-0.672,0.0,0.0,0.0,0.3965,68.8910505836576,3000000
1.5,0.4099,0.00508,0.00093,-0.0528,0.449,0.6609,-0.7316,0.0,0.0,0.0,0.3756,80.68897637795274,3000000
2.0,0.4653,0.00506,0.00103,-0.0526,0.4224,0.7413,-0.8001,0.0,0.0,0.0,0.3596,91.95652173913042,3000000
2.5,0.52,0.00505,0.00115,-0.0523,0.3952,0.8222,-0.883,0.0,0.0,0.0,0.3466,102.97029702970298,3000000
3.0,0.5734,0.00511,0.0013,-0.0516,0.3647,0.8941,-0.99,0.0,0.0,0.0,0.3357,112.21135029354208,3000000
3.5,0.6247,0.00533,0.00149,-0.0505,0.3268,0.9467,-1.1227,0.0,0.0,0.0,0.326,117.20450281425893,3000000
4.0,0.6775,0.00567,0.00171,-0.0497,0.2847,0.9789,-1.2836,0.0,0.0,0.0,0.3182,119.48853615520282,3000000
5.0,0.8057,0.00677,0.00232,-0.0539,0.1832,0.9978,-1.7234,0.0,0.0,0.0,0.3107,119.01033973412112,3000000
5.5,0.8647,0.00737,0.00269,-0.0549,0.1374,1.0,-1.9772,0.0,0.0,0.0,0.3069,117.32700135685211,3000000
6.0,0.9106,0.00793,0.00306,-0.053,0.1027,1.0,-2.2296,0.0,0.0,0.0,0.3011,114.8297604035309,3000000
6.5,0.959,0.00841,0.00343,-0.0516,0.0813,1.0,-2.4981,0.0,0.0,0.0,0.2961,114.0309155766944,3000000
7.0,1.0083,0.00897,0.00385,-0.0504,0.0613,1.0,-2.7788,0.0,0.0,0.0,0.2918,112.40802675585283,3000000
7.5,1.0586,0.00949,0.00429,-0.0495,0.0471,1.0,-3.1176,0.0,0.0,0.0,0.288,111.54899894625922,3000000
8.0,1.109,0.01001,0.00474,-0.0487,0.0387,1.0,-3.479,0.0,0.0,0.0,0.2845,110.78921078921078,3000000
8.5,1.1599,0.01048,0.00518,-0.0479,0.0334,1.0,-3.8565,0.0,0.0,0.0,0.2813,110.67748091603053,3000000
9.0,1.2093,0.01106,0.00572,-0.047,0.0268,1.0,-4.2411,0.0,0.0,0.0,0.2782,109.33996383363473,3000000
9.5,1.2592,0.01157,0.00622,-0.0462,0.0246,1.0,-4.6425,0.0,0.0,0.0,0.2753,108.83318928262749,3000000
10.0,1.3064,0.01227,0.00688,-0.0449,0.0197,1.0,-5.043,0.0,0.0,0.0,0.2723,106.47106764466179,3000000
10.5,1.3548,0.01281,0.00744,-0.0439,0.0184,1.0,-5.4686,0.0,0.0,0.0,0.2696,105.76112412177986,3000000
11.0,1.4015,0.01344,0.00807,-0.0427,0.0169,1.0,-5.8998,0.0,0.0,0.0,0.2668,104.2782738095238,3000000
11.5,1.4448,0.01426,0.00888,-0.0409,0.0143,1.0,-6.3725,0.0,0.0,0.0,0.2639,101.31837307152875,3000000
12.0,1.4852,0.01521,0.00989,-0.0387,0.0122,1.0,-6.8535,0.0,0.0,0.0,0.2608,97.64628533859303,3000000
13.0,1.5648,0.01663,0.01138,-0.0341,0.0119,1.0,-7.8902,0.0,0.0,0.0,0.2549,94.09500901984366,3000000
13.5,1.5982,0.01748,0.01226,-0.0309,0.0115,1.0,-8.3933,0.0,0.0,0.0,0.2516,91.43020594965677,3000000
14.0,1.6282,0.01857,0.01339,-0.0275,0.0106,1.0,-8.8839,0.0,0.0,0.0,0.2482,87.67905223478729,3000000
